"행정구역별(시군구)","연령별",2015,2015,2015,2015,2015,2015,2015,2015,2015,2015,2015,2015,2015,2015,2015
"행정구역별(시군구)","연령별",내국인(15세이상)-계,내국인-미혼,내국인-배우자있음,내국인-사별,내국인-이혼,남자(15세이상)-계,남자-미혼,남자-배우자있음,남자-사별,남자-이혼,여자(15세이상)-계,여자-미혼,여자-배우자있음,여자-사별,여자-이혼
"전국","합계",42724414,13376237,23899304,3266097,2182776,21211039,7631990,12169609,450006,959434,21513375,5744247,11729695,2816091,1223342
"전국","15~19세",3172793,3166654,3875,2067,197,1659139,1656637,1589,809,104,1513654,1510017,2286,1258,93
"전국","20~24세",3380576,3309507,63868,4436,2765,1805366,1784518,18377,1468,1003,1575210,1524989,45491,2968,1762
"전국","25~29세",3024909,2539393,472070,1883,11563,1580270,1422308,154102,672,3188,1444639,1117085,317968,1211,8375
"전국","30~34세",3607875,1693003,1861164,3830,49878,1852485,1034255,799998,1051,17181,1755390,658748,1061166,2779,32697
"전국","35~39세",3774150,988968,2648947,10698,125537,1920686,633287,1238653,2546,46200,1853464,355681,1410294,8152,79337
"전국","40~44세",4207927,715644,3181651,31186,279446,2137511,480703,1541295,6574,108939,2070416,234941,1640356,24612,170507
"전국","45~49세",4259407,433096,3338988,74100,413223,2143467,298419,1658163,14537,172348,2115940,134677,1680825,59563,240875
"전국","50~54세",4139154,241950,3301496,147903,447805,2090562,165711,1698660,26355,199836,2048592,76239,1602836,121548,247969
"전국","55~59세",3859610,146014,3067568,256810,389218,1922978,91295,1608347,42378,180958,1936632,54719,1459221,214432,208260
"전국","60~64세",2753215,65800,2142503,324133,220779,1345914,35501,1153370,48871,108172,1407301,30299,989133,275262,112607
"전국","65~69세",2107985,33068,1537547,410157,127213,1010632,15664,872547,56939,65482,1097353,17404,665000,353218,61731
"전국","70~74세",1758979,18961,1136075,535573,68370,790128,7819,675266,72075,34968,968851,11142,460809,463498,33402
"전국","75~79세",1350216,11043,723347,584784,31042,547556,3511,455811,73383,14851,802660,7532,267536,511401,16191
"전국","80~84세",805573,6445,310360,477808,10960,272834,1436,211297,55597,4504,532739,5009,99063,422211,6456
"전국","85세이상",522045,6691,109845,400729,4780,131511,926,82134,46751,1700,390534,5765,27711,353978,3080
"동부","합계",34851752,11370181,19340477,2302371,1838723,17247916,6386460,9765809,324380,771267,17603836,4983721,9574668,1977991,1067456
"동부","15~19세",2662359,2658651,2583,1023,102,1388267,1386946,920,349,52,1274092,1271705,1663,674,50
"동부","20~24세",2880196,2827993,47959,2111,2133,1520658,1505519,13543,824,772,1359538,1322474,34416,1287,1361
"동부","25~29세",2603078,2209509,383375,1022,9172,1344505,1217991,123673,425,2416,1258573,991518,259702,597,6756
"동부","30~34세",3090377,1472087,1574594,2692,41004,1573218,883401,675576,768,13473,1517159,588686,899018,1924,27531
"동부","35~39세",3203464,844796,2246271,8161,104236,1615607,527377,1049633,1839,36758,1587857,317419,1196638,6322,67478
"동부","40~44세",3559239,597759,2701084,24714,235682,1779617,389917,1297802,4979,86919,1779622,207842,1403282,19735,148763
"동부","45~49세",3576932,350760,2814131,60476,351565,1773317,234850,1388314,11369,138784,1803615,115910,1425817,49107,212781
"동부","50~54세",3402390,187816,2716551,119390,378633,1700112,124972,1394091,20457,160592,1702278,62844,1322460,98933,218041
"동부","55~59세",3094163,112741,2450985,202624,327813,1529156,68212,1282680,32876,145388,1565007,44529,1168305,169748,182425
"동부","60~64세",2150177,50979,1664237,249405,185556,1045986,26285,894698,37377,87626,1104191,24694,769539,212028,97930
"동부","65~69세",1601625,25144,1161955,307417,107109,765743,11370,657565,43442,53366,835882,13774,504390,263975,53743
"동부","70~74세",1263883,14415,817444,374780,57244,574896,5660,488316,52734,28186,688987,8755,329128,322046,29058
"동부","75~79세",907511,8242,488041,385513,25715,373950,2420,309066,50492,11972,533561,5822,178975,335021,13743
"동부","80~84세",519368,4651,200734,305014,8969,178028,960,137386,36082,3600,341340,3691,63348,268932,5369
"동부","85세이상",336990,4638,70533,258029,3790,84856,580,52546,30367,1363,252134,4058,17987,227662,2427
"읍부","합계",3759632,1039888,2198252,347001,174491,1896670,625929,1139603,46966,84172,1862962,413959,1058649,300035,90319
"읍부","15~19세",293127,291873,623,593,38,154205,153594,295,287,29,138922,138279,328,306,9
"읍부","20~24세",265824,256299,8077,1134,314,148505,145740,2372,303,90,117319,110559,5705,831,224
"읍부","25~29세",221180,169078,50505,346,1251,118888,101202,17223,97,366,102292,67876,33282,249,885
"읍부","30~34세",299460,112659,181581,437,4783,155848,75002,78938,110,1798,143612,37657,102643,327,2985
"읍부","35~39세",344801,72386,259082,1351,11982,178032,52212,120821,322,4677,166769,20174,138261,1029,7305
"읍부","40~44세",383283,55804,299506,3585,24388,204338,41877,150924,771,10766,178945,13927,148582,2814,13622
"읍부","45~49세",368815,35768,292692,7263,33092,196762,26714,152573,1605,15870,172053,9054,140119,5658,17222
"읍부","50~54세",352565,21330,282829,13886,34520,185737,15322,150641,2730,17044,166828,6008,132188,11156,17476
"읍부","55~59세",330532,12714,263908,24013,29897,169534,8397,141768,3811,15558,160998,4317,122140,20202,14339
"읍부","60~64세",241581,5471,188174,31467,16469,117986,3324,101376,4747,8539,123595,2147,86798,26720,7930
"읍부","65~69세",193636,2869,141050,40433,9284,91368,1417,79907,5052,4992,102268,1452,61143,35381,4292
"읍부","70~74세",173005,1653,109663,56895,4794,75145,628,64396,7435,2686,97860,1025,45267,49460,2108
"읍부","75~79세",144339,825,75317,65707,2490,56716,286,47136,8054,1240,87623,539,28181,57653,1250
"읍부","80~84세",89641,572,33469,54759,841,29391,129,22409,6459,394,60250,443,11060,48300,447
"읍부","85세이상",57843,587,11776,45132,348,14215,85,8824,5183,123,43628,502,2952,39949,225
"면부","합계",4113030,966168,2360575,616725,169562,2066453,619601,1264197,78660,103995,2046577,346567,1096378,538065,65567
"면부","15~19세",217307,216130,669,451,57,116667,116097,374,173,23,100640,100033,295,278,34
"면부","20~24세",234556,225215,7832,1191,318,136203,133259,2462,341,141,98353,91956,5370,850,177
"면부","25~29세",200651,160806,38190,515,1140,116877,103115,13206,150,406,83774,57691,24984,365,734
"면부","30~34세",218038,108257,104989,701,4091,123419,75852,45484,173,1910,94619,32405,59505,528,2181
"면부","35~39세",225885,71786,143594,1186,9319,127047,53698,68199,385,4765,98838,18088,75395,801,4554
"면부","40~44세",265405,62081,181061,2887,19376,153556,48909,92569,824,11254,111849,13172,88492,2063,8122
"면부","45~49세",313660,46568,232165,6361,28566,173388,36855,117276,1563,17694,140272,9713,114889,4798,10872
"면부","50~54세",384199,32804,302116,14627,34652,204713,25417,153928,3168,22200,179486,7387,148188,11459,12452
"면부","55~59세",434915,20559,352675,30173,31508,224288,14686,183899,5691,20012,210627,5873,168776,24482,11496
"면부","60~64세",361457,9350,290092,43261,18754,181942,5892,157296,6747,12007,179515,3458,132796,36514,6747
"면부","65~69세",312724,5055,234542,62307,10820,153521,2877,135075,8445,7124,159203,2178,99467,53862,3696
"면부","70~74세",322091,2893,208968,103898,6332,140087,1531,122554,11906,4096,182004,1362,86414,91992,2236
"면부","75~79세",298366,1976,159989,133564,2837,116890,805,99609,14837,1639,181476,1171,60380,118727,1198
"면부","80~84세",196564,1222,76157,118035,1150,65415,347,51502,13056,510,131149,875,24655,104979,640
"면부","85세이상",127212,1466,27536,97568,642,32440,261,20764,11201,214,94772,1205,6772,86367,428
"서울특별시","합계",8393832,2974906,4481669,519388,417869,4089115,1588213,2263110,71675,166117,4304717,1386693,2218559,447713,251752
"서울특별시","15~19세",543220,542815,305,83,17,278210,278071,90,36,13,265010,264744,215,47,4
"서울특별시","20~24세",681323,673851,6832,243,397,340249,338082,1882,105,180,341074,335769,4950,138,217
"서울특별시","25~29세",721164,642650,76824,200,1490,357206,333449,23213,98,446,363958,309201,53611,102,1044
"서울특별시","30~34세",821484,461220,352439,403,7422,413399,259117,151559,148,2575,408085,202103,200880,255,4847
"서울특별시","35~39세",765387,258095,485455,1595,20242,384774,147706,229522,361,7185,380613,110389,255933,1234,13057
"서울특별시","40~44세",806102,176393,576998,4668,48043,403286,104820,280591,916,16959,402816,71573,296407,3752,31084
"서울특별시","45~49세",787835,99349,603554,11572,73360,387743,60861,297516,2153,27213,400092,38488,306038,9419,46147
"서울특별시","50~54세",764101,53315,602531,24414,83841,372490,33024,302104,4071,33291,391611,20291,300427,20343,50550
"서울특별시","55~59세",746284,34049,590167,43315,78753,356721,18919,299320,6733,31749,389563,15130,290847,36582,47004
"서울특별시","60~64세",556511,15653,435754,57401,47703,264516,7563,228555,8106,20292,291995,8090,207199,49295,27411
"서울특별시","65~69세",434319,8196,321733,74690,29700,205890,3689,178400,9906,13895,228429,4507,143333,64784,15805
"서울특별시","70~74세",337207,4498,228683,87629,16397,159007,1829,137072,12310,7796,178200,2669,91611,75319,8601
"서울특별시","75~79세",225924,2560,129885,86402,7077,98952,741,83445,11558,3208,126972,1819,46440,74844,3869
"서울특별시","80~84세",121873,1233,51486,66879,2275,44602,194,35363,8113,932,77271,1039,16123,58766,1343
"서울특별시","85세이상",81098,1029,19023,59894,1152,22070,148,14478,7061,383,59028,881,4545,52833,769
"부산광역시","합계",2996539,952215,1616409,251603,176312,1464472,539998,810554,35516,78404,1532067,412217,805855,216087,97908
"부산광역시","15~19세",204162,203916,180,63,3,107137,107044,72,21,,97025,96872,108,42,3
"부산광역시","20~24세",241052,237602,3265,65,120,129130,128133,931,20,46,111922,109469,2334,45,74
"부산광역시","25~29세",203649,178701,24316,54,578,106151,98587,7443,16,105,97498,80114,16873,38,473
"부산광역시","30~34세",232423,123770,105446,285,2922,118702,73355,44356,78,913,113721,50415,61090,207,2009
"부산광역시","35~39세",240603,74990,156421,765,8427,122619,47301,72288,181,2849,117984,27689,84133,584,5578
"부산광역시","40~44세",262505,55742,185646,2122,18995,131209,36233,87356,393,7227,131296,19509,98290,1729,11768
"부산광역시","45~49세",278515,34542,207739,5301,30933,135561,23398,98603,1007,12553,142954,11144,109136,4294,18380
"부산광역시","50~54세",292747,18501,227614,11534,35098,141032,12719,110786,1873,15654,151715,5782,116828,9661,19444
"부산광역시","55~59세",306036,12000,237837,22170,34029,146220,7622,119067,3525,16006,159816,4378,118770,18645,18023
"부산광역시","60~64세",237318,5984,179500,29444,22390,113702,3306,94510,4573,11313,123616,2678,84990,24871,11077
"부산광역시","65~69세",177460,2884,126976,35801,11799,84363,1301,71677,5101,6284,93097,1583,55299,30700,5515
"부산광역시","70~74세",138212,1597,86980,43263,6372,63140,599,52844,6365,3332,75072,998,34136,36898,3040
"부산광역시","75~79세",97180,885,49983,43134,3178,40074,242,32692,5624,1516,57106,643,17291,37510,1662
"부산광역시","80~84세",52867,548,18753,32477,1089,18014,102,13462,4020,430,34853,446,5291,28457,659
"부산광역시","85세이상",31810,553,5753,25125,379,7418,56,4467,2719,176,24392,497,1286,22406,203
"대구광역시","합계",2108202,661854,1169869,161570,114909,1040161,382456,586966,22028,48711,1068041,279398,582903,139542,66198
"대구광역시","15~19세",165003,164753,153,89,8,87783,87736,35,12,,77220,77017,118,77,8
"대구광역시","20~24세",175667,173262,2265,60,80,96990,96349,592,34,15,78677,76913,1673,26,65
"대구광역시","25~29세",141311,121742,19036,60,473,77087,70959,5957,35,136,64224,50783,13079,25,337
"대구광역시","30~34세",159593,77400,79879,157,2157,81018,47356,33023,35,604,78575,30044,46856,122,1553
"대구광역시","35~39세",174578,45362,123033,463,5720,87134,28976,55985,78,2095,87444,16386,67048,385,3625
"대구광역시","40~44세",208374,34329,157746,1766,14533,102136,22547,73932,335,5322,106238,11782,83814,1431,9211
"대구광역시","45~49세",220279,21309,171763,4400,22807,107758,14709,83123,782,9144,112521,6600,88640,3618,13663
"대구광역시","50~54세",215024,10792,170656,8765,24811,106374,7282,86997,1363,10732,108650,3510,83659,7402,14079
"대구광역시","55~59세",195205,6145,154315,14507,20238,96295,3948,81116,2241,8990,98910,2197,73199,12266,11248
"대구광역시","60~64세",142623,2969,110079,17876,11699,68305,1550,58294,2780,5681,74318,1419,51785,15096,6018
"대구광역시","65~69세",104632,1433,75501,21132,6566,49150,533,42545,2803,3269,55482,900,32956,18329,3297
"대구광역시","70~74세",84988,1038,53571,27054,3325,37354,277,31760,3655,1662,47634,761,21811,23399,1663
"대구광역시","75~79세",63237,613,33226,27611,1787,25021,126,20535,3538,822,38216,487,12691,24073,965
"대구광역시","80~84세",36917,425,14296,21610,586,12651,78,9883,2511,179,24266,347,4413,19099,407
"대구광역시","85세이상",20771,282,4350,16020,119,5105,30,3189,1826,60,15666,252,1161,14194,59
"인천광역시","합계",2413486,766332,1338076,158480,150598,1203751,438570,677120,23762,64299,1209735,327762,660956,134718,86299
"인천광역시","15~19세",178024,177804,206,12,2,92586,92499,83,3,1,85438,85305,123,9,1
"인천광역시","20~24세",196000,191592,4208,56,144,103394,102159,1146,39,50,92606,89433,3062,17,94
"인천광역시","25~29세",179897,149702,29246,29,920,92290,82321,9751,4,214,87607,67381,19495,25,706
"인천광역시","30~34세",214553,96661,113601,196,4095,110012,59965,48766,61,1220,104541,36696,64835,135,2875
"인천광역시","35~39세",225007,55868,159409,516,9214,115493,36696,75520,131,3146,109514,19172,83889,385,6068
"인천광역시","40~44세",244724,40862,182937,1804,19121,124810,28622,88320,395,7473,119914,12240,94617,1409,11648
"인천광역시","45~49세",251660,24252,193927,4218,29263,124480,17359,94709,861,11551,127180,6893,99218,3357,17712
"인천광역시","50~54세",252792,14631,197129,8823,32209,127479,10482,101231,1631,14135,125313,4149,95898,7192,18074
"인천광역시","55~59세",224240,8106,174181,14791,27162,113405,5308,92920,2670,12507,110835,2798,81261,12121,14655
"인천광역시","60~64세",141749,3502,108543,16115,13589,70473,1931,59183,2728,6631,71276,1571,49360,13387,6958
"인천광역시","65~69세",104414,1440,74613,20260,8101,51088,614,43306,3168,4000,53326,826,31307,17092,4101
"인천광역시","70~74세",80663,956,51244,24498,3965,36869,402,30744,3687,2036,43794,554,20500,20811,1929
"인천광역시","75~79세",59463,388,30681,26615,1779,23639,157,19060,3525,897,35824,231,11621,23090,882
"인천광역시","80~84세",35471,254,12925,21629,663,11572,36,8629,2602,305,23899,218,4296,19027,358
"인천광역시","85세이상",24829,314,5226,18918,371,6161,19,3752,2257,133,18668,295,1474,16661,238
"광주광역시","합계",1252923,422212,678074,89710,62927,618030,236505,343164,12645,25716,634893,185707,334910,77065,37211
"광주광역시","15~19세",112988,112873,65,42,8,58485,58452,14,14,5,54503,54421,51,28,3
"광주광역시","20~24세",113484,111425,1797,165,97,58476,57896,506,41,33,55008,53529,1291,124,64
"광주광역시","25~29세",89419,75567,13372,74,406,46068,41621,4341,36,70,43351,33946,9031,38,336
"광주광역시","30~34세",106737,51113,53744,171,1709,54365,30747,23076,45,497,52372,20366,30668,126,1212
"광주광역시","35~39세",115054,29515,80585,514,4440,57474,19343,36626,115,1390,57580,10172,43959,399,3050
"광주광역시","40~44세",130625,19344,100561,1256,9464,65285,13693,48158,257,3177,65340,5651,52403,999,6287
"광주광역시","45~49세",129715,10777,103264,2731,12943,64873,7623,51750,445,5055,64842,3154,51514,2286,7888
"광주광역시","50~54세",116018,5320,92482,5183,13033,58299,3702,48463,793,5341,57719,1618,44019,4390,7692
"광주광역시","55~59세",103341,3045,81425,8193,10678,50903,1902,42611,1376,5014,52438,1143,38814,6817,5664
"광주광역시","60~64세",70132,1433,54167,9550,4982,33942,822,28994,1690,2436,36190,611,25173,7860,2546
"광주광역시","65~69세",56902,657,40956,12370,2919,26976,354,23314,1690,1618,29926,303,17642,10680,1301
"광주광역시","70~74세",44974,440,28934,14241,1359,20390,170,17627,1924,669,24584,270,11307,12317,690
"광주광역시","75~79세",31981,326,16788,14245,622,13086,87,10631,2052,316,18895,239,6157,12193,306
"광주광역시","80~84세",18916,142,7333,11262,179,6378,57,5053,1204,64,12538,85,2280,10058,115
"광주광역시","85세이상",12637,235,2601,9713,88,3030,36,2000,963,31,9607,199,601,8750,57
"대전광역시","합계",1294122,439274,706621,80787,67440,646294,250760,354471,12495,28568,647828,188514,352150,68292,38872
"대전광역시","15~19세",110048,109940,94,8,6,57691,57655,30,3,3,52357,52285,64,5,3
"대전광역시","20~24세",125216,123036,2079,34,67,67415,66738,650,16,11,57801,56298,1429,18,56
"대전광역시","25~29세",99436,83767,15191,39,439,53956,48750,5064,9,133,45480,35017,10127,30,306
"대전광역시","30~34세",109420,50085,57686,99,1550,56003,30667,24780,56,500,53417,19418,32906,43,1050
"대전광역시","35~39세",115608,28522,82627,312,4147,57593,18006,38056,58,1473,58015,10516,44571,254,2674
"대전광역시","40~44세",129663,19807,99917,829,9110,64465,13335,47499,183,3448,65198,6472,52418,646,5662
"대전광역시","45~49세",130917,11114,104915,2061,12827,65203,7658,51962,412,5171,65714,3456,52953,1649,7656
"대전광역시","50~54세",122604,5999,98454,4568,13583,60913,4089,50270,821,5733,61691,1910,48184,3747,7850
"대전광역시","55~59세",112083,3419,89167,7430,12067,55686,2202,46721,1188,5575,56397,1217,42446,6242,6492
"대전광역시","60~64세",76082,1768,58965,8656,6693,37471,902,31943,1324,3302,38611,866,27022,7332,3391
"대전광역시","65~69세",54760,816,39654,10540,3750,26560,395,22477,1810,1878,28200,421,17177,8730,1872
"대전광역시","70~74세",43850,474,28978,12470,1928,20000,192,16965,1978,865,23850,282,12013,10492,1063
"대전광역시","75~79세",32114,260,18198,12828,828,13222,100,10948,1848,326,18892,160,7250,10980,502
"대전광역시","80~84세",19465,124,8134,10936,271,6776,40,5273,1372,91,12689,84,2861,9564,180
"대전광역시","85세이상",12856,143,2562,9977,174,3340,31,1833,1417,59,9516,112,729,8560,115
"울산광역시","합계",961871,292528,568222,55833,45288,496710,178867,289506,7966,20371,465161,113661,278716,47867,24917
"울산광역시","15~19세",77512,77476,35,1,,42303,42302,1,,,35209,35174,34,1,
"울산광역시","20~24세",76166,74605,1488,3,70,44474,44023,438,1,12,31692,30582,1050,2,58
"울산광역시","25~29세",69618,56570,12769,16,263,39332,35043,4195,4,90,30286,21527,8574,12,173
"울산광역시","30~34세",86144,35149,49786,107,1102,45542,23513,21573,24,432,40602,11636,28213,83,670
"울산광역시","35~39세",90144,20126,66981,263,2774,47288,13999,32228,90,971,42856,6127,34753,173,1803
"울산광역시","40~44세",98660,13199,78536,776,6149,49202,9427,37030,184,2561,49458,3772,41506,592,3588
"울산광역시","45~49세",107760,7473,89583,1666,9038,53481,5346,43951,266,3918,54279,2127,45632,1400,5120
"울산광역시","50~54세",105759,3733,89489,3159,9378,54865,2675,47265,629,4296,50894,1058,42224,2530,5082
"울산광역시","55~59세",90694,2174,75071,5581,7868,46440,1506,40360,895,3679,44254,668,34711,4686,4189
"울산광역시","60~64세",59014,914,46651,6860,4589,30136,558,26145,1163,2270,28878,356,20506,5697,2319
"울산광역시","65~69세",37758,451,27381,7633,2293,19387,269,16732,1147,1239,18371,182,10649,6486,1054
"울산광역시","70~74세",26753,234,16752,8741,1026,12384,111,10444,1264,565,14369,123,6308,7477,461
"울산광역시","75~79세",18428,151,9031,8731,515,7199,50,5820,1076,253,11229,101,3211,7655,262
"울산광역시","80~84세",10718,128,3559,6869,162,3356,20,2515,756,65,7362,108,1044,6113,97
"울산광역시","85세이상",6743,145,1110,5427,61,1321,25,809,467,20,5422,120,301,4960,41
"세종특별자치시","합계",160337,46035,99303,9936,5063,80770,26044,51024,1391,2311,79567,19991,48279,8545,2752
"세종특별자치시","15~19세",11767,11760,7,,,5896,5894,2,,,5871,5866,5,,
"세종특별자치시","20~24세",13762,13479,274,,9,7381,7313,68,,,6381,6166,206,,9
"세종특별자치시","25~29세",10915,8097,2764,1,53,5786,4887,878,1,20,5129,3210,1886,,33
"세종특별자치시","30~34세",16627,4799,11609,9,210,7867,2893,4901,,73,8760,1906,6708,9,137
"세종특별자치시","35~39세",19522,2833,16182,29,478,9787,1890,7756,,141,9735,943,8426,29,337
"세종특별자치시","40~44세",19823,2200,16799,80,744,10758,1382,8987,20,369,9065,818,7812,60,375
"세종특별자치시","45~49세",14694,1246,12505,127,816,7929,799,6752,35,343,6765,447,5753,92,473
"세종특별자치시","50~54세",12488,786,10372,368,962,6499,502,5460,85,452,5989,284,4912,283,510
"세종특별자치시","55~59세",11393,432,9498,667,796,5835,274,5073,110,378,5558,158,4425,557,418
"세종특별자치시","60~64세",8252,191,6597,1021,443,4202,126,3661,188,227,4050,65,2936,833,216
"세종특별자치시","65~69세",6182,89,4680,1105,308,2967,36,2628,136,167,3215,53,2052,969,141
"세종특별자치시","70~74세",5564,49,3832,1517,166,2464,26,2111,227,100,3100,23,1721,1290,66
"세종특별자치시","75~79세",4434,25,2520,1844,45,1860,8,1583,249,20,2574,17,937,1595,25
"세종특별자치시","80~84세",2975,24,1185,1746,20,1054,11,821,212,10,1921,13,364,1534,10
"세종특별자치시","85세이상",1939,25,479,1422,13,485,3,343,128,11,1454,22,136,1294,2
"경기도","합계",10145786,3148490,5851650,621529,524117,5069884,1781950,2974299,90761,222874,5075902,1366540,2877351,530768,301243
"경기도","15~19세",785461,783495,1173,729,64,406098,405255,535,271,37,379363,378240,638,458,27
"경기도","20~24세",802520,784561,16096,1155,708,423245,417893,4681,408,263,379275,366668,11415,747,445
"경기도","25~29세",731404,602714,125302,409,2979,378789,336177,41599,181,832,352615,266537,83703,228,2147
"경기도","30~34세",904885,383821,507292,830,12942,462089,237820,219435,208,4626,442796,146001,287857,622,8316
"경기도","35~39세",991095,220476,737282,2224,31113,500282,141144,347037,587,11514,490813,79332,390245,1637,19599
"경기도","40~44세",1115058,161030,877914,6810,69304,565439,108257,428919,1464,26799,549619,52773,448995,5346,42505
"경기도","45~49세",1090320,98769,872364,16887,102300,548823,67720,436196,3507,41400,541497,31049,436168,13380,60900
"경기도","50~54세",1011592,53705,818094,31577,108216,518946,36406,429391,6130,47019,492646,17299,388703,25447,61197
"경기도","55~59세",864897,31335,693448,49429,90685,441230,18976,373254,8636,40364,423667,12359,320194,40793,50321
"경기도","60~64세",565465,13129,443495,59801,49040,280440,6672,242027,8777,22964,285025,6457,201468,51024,26076
"경기도","65~69세",418822,6534,307426,75659,29203,200277,2974,172568,10623,14112,218545,3560,134858,65036,15091
"경기도","70~74세",344220,3676,224279,99747,16518,154991,1403,131537,14039,8012,189229,2273,92742,85708,8506
"경기도","75~79세",261222,2254,142695,109029,7244,107928,710,88939,14826,3453,153294,1544,53756,94203,3791
"경기도","80~84세",154318,1348,61458,88873,2639,53953,293,41278,11318,1064,100365,1055,20180,77555,1575
"경기도","85세이상",104507,1643,23332,78370,1162,27354,250,16903,9786,415,77153,1393,6429,68584,747
"강원도","합계",1304216,368481,737296,132356,66083,657665,224089,382997,17980,32599,646551,144392,354299,114376,33484
"강원도","15~19세",97353,96866,263,206,18,52204,52020,113,61,10,45149,44846,150,145,8
"강원도","20~24세",104744,99932,3725,951,136,61296,59312,1682,233,69,43448,40620,2043,718,67
"강원도","25~29세",76699,59420,16684,214,381,43559,36458,6915,63,123,33140,22962,9769,151,258
"강원도","30~34세",85315,36435,47306,205,1369,44985,23047,21381,54,503,40330,13388,25925,151,866
"강원도","35~39세",95582,23627,67666,439,3850,48728,16036,31033,83,1576,46854,7591,36633,356,2274
"강원도","40~44세",115200,19387,86648,1022,8143,59432,14224,41672,271,3265,55768,5163,44976,751,4878
"강원도","45~49세",123632,13832,95238,2423,12139,64510,10571,47775,488,5676,59122,3261,47463,1935,6463
"강원도","50~54세",127489,8960,100441,4829,13259,65551,6507,51423,977,6644,61938,2453,49018,3852,6615
"강원도","55~59세",131778,5305,104279,9793,12401,66373,3563,54663,1554,6593,65405,1742,49616,8239,5808
"강원도","60~64세",93901,2250,73137,11748,6766,46519,1280,39854,1665,3720,47382,970,33283,10083,3046
"강원도","65~69세",69413,1092,49588,14947,3786,32783,496,28151,1915,2221,36630,596,21437,13032,1565
"강원도","70~74세",70678,657,45080,22681,2260,31535,320,26950,2894,1371,39143,337,18130,19787,889
"강원도","75~79세",57926,340,30888,25623,1075,23933,146,19943,3215,629,33993,194,10945,22408,446
"강원도","80~84세",31591,175,11608,19466,342,10296,66,7916,2158,156,21295,109,3692,17308,186
"강원도","85세이상",22915,203,4745,17809,158,5961,43,3526,2349,43,16954,160,1219,15460,115
"충청북도","합계",1330033,397995,747780,118323,65935,667131,234593,384149,16711,31678,662902,163402,363631,101612,34257
"충청북도","15~19세",106429,106021,163,228,17,55511,55267,79,151,14,50918,50754,84,77,3
"충청북도","20~24세",107827,104960,2404,318,145,59045,58184,679,140,42,48782,46776,1725,178,103
"충청북도","25~29세",85910,68856,16590,65,399,46605,40820,5633,20,132,39305,28036,10957,45,267
"충청북도","30~34세",102286,42930,57469,143,1744,53391,27732,24997,13,649,48895,15198,32472,130,1095
"충청북도","35~39세",108153,25953,77490,371,4339,55758,18141,35700,95,1822,52395,7812,41790,276,2517
"충청북도","40~44세",122204,19620,92455,1016,9113,63189,14303,44827,193,3866,59015,5317,47628,823,5247
"충청북도","45~49세",130098,13083,101711,2540,12764,66930,9470,51097,506,5857,63168,3613,50614,2034,6907
"충청북도","50~54세",128287,7396,102231,5104,13556,66426,5255,53777,814,6580,61861,2141,48454,4290,6976
"충청북도","55~59세",123306,4658,98325,8947,11376,62846,3076,52208,1525,6037,60460,1582,46117,7422,5339
"충청북도","60~64세",87646,2213,68292,11036,6105,43485,1315,37323,1583,3264,44161,898,30969,9453,2841
"충청북도","65~69세",63856,1038,46976,12738,3104,30984,549,26920,1786,1729,32872,489,20056,10952,1375
"충청북도","70~74세",61274,545,39411,19429,1889,26957,268,23068,2564,1057,34317,277,16343,16865,832
"충청북도","75~79세",51080,352,28021,21816,891,20568,134,17031,2955,448,30512,218,10990,18861,443
"충청북도","80~84세",31817,189,12228,19035,365,10447,58,7898,2361,130,21370,131,4330,16674,235
"충청북도","85세이상",19860,181,4014,15537,128,4989,21,2912,2005,51,14871,160,1102,13532,77
"충청남도","합계",1740847,506026,996011,161460,77350,881725,303741,517347,23152,37485,859122,202285,478664,138308,39865
"충청남도","15~19세",134967,134407,311,230,19,70729,70524,154,49,2,64238,63883,157,181,17
"충청남도","20~24세",135524,130701,4270,401,152,72344,71056,1114,123,51,63180,59645,3156,278,101
"충청남도","25~29세",113977,88049,25172,133,623,62314,53797,8301,53,163,51663,34252,16871,80,460
"충청남도","30~34세",140867,56628,81828,259,2152,76285,39079,36372,54,780,64582,17549,45456,205,1372
"충청남도","35~39세",148356,34252,107772,599,5733,79245,25173,51506,159,2407,69111,9079,56266,440,3326
"충청남도","40~44세",159872,25324,121734,1514,11300,85197,18831,61092,391,4883,74675,6493,60642,1123,6417
"충청남도","45~49세",158637,15324,125302,2921,15090,83544,11425,64170,684,7265,75093,3899,61132,2237,7825
"충청남도","50~54세",159124,9820,128185,5729,15390,84123,7043,68101,1105,7874,75001,2777,60084,4624,7516
"충청남도","55~59세",148030,5915,119416,10433,12266,74956,4027,62715,1878,6336,73074,1888,56701,8555,5930
"충청남도","60~64세",111665,2544,88853,13161,7107,55344,1527,47996,2075,3746,56321,1017,40857,11086,3361
"충청남도","65~69세",91760,1413,68749,17623,3975,44996,630,39550,2575,2241,46764,783,29199,15048,1734
"충청남도","70~74세",82750,776,54354,25535,2085,36498,342,31676,3383,1097,46252,434,22678,22152,988
"충청남도","75~79세",74433,369,41920,31234,910,29857,152,25453,3862,390,44576,217,16467,27372,520
"충청남도","80~84세",50153,271,21285,28256,341,17954,87,14034,3657,176,32199,184,7251,24599,165
"충청남도","85세이상",30732,233,6860,23432,207,8339,48,5113,3104,74,22393,185,1747,20328,133
"전라북도","합계",1557384,451863,866467,165385,73669,772091,268166,447330,21253,35342,785293,183697,419137,144132,38327
"전라북도","15~19세",123475,123296,132,36,11,65211,65154,37,13,7,58264,58142,95,23,4
"전라북도","20~24세",120669,117937,2553,86,93,66694,65967,660,29,38,53975,51970,1893,57,55
"전라북도","25~29세",91285,74417,16283,76,509,49057,43678,5227,15,137,42228,30739,11056,61,372
"전라북도","30~34세",104924,48049,54800,149,1926,54607,30913,22994,36,664,50317,17136,31806,113,1262
"전라북도","35~39세",117867,30001,82270,455,5141,60318,21000,37407,90,1821,57549,9001,44863,365,3320
"전라북도","40~44세",140913,23268,105779,1295,10571,73240,17425,51380,311,4124,67673,5843,54399,984,6447
"전라북도","45~49세",144659,14921,112796,2973,13969,74645,11156,56649,549,6291,70014,3765,56147,2424,7678
"전라북도","50~54세",143936,8690,114647,5872,14727,73828,6437,58980,1126,7285,70108,2253,55667,4746,7442
"전라북도","55~59세",140021,5409,111925,10432,12255,70442,3513,58653,1652,6624,69579,1896,53272,8780,5631
"전라북도","60~64세",107952,2651,83969,14222,7110,53212,1588,45446,2101,4077,54740,1063,38523,12121,3033
"전라북도","65~69세",94476,1402,68667,20398,4009,45590,767,39395,2991,2437,48886,635,29272,17407,1572
"전라북도","70~74세",82280,756,52278,27354,1892,35393,306,30580,3419,1088,46887,450,21698,23935,804
"전라북도","75~79세",69220,480,36461,31342,937,26946,141,22968,3324,513,42274,339,13493,28018,424
"전라북도","80~84세",46240,237,17648,27944,411,15354,71,12117,2961,205,30886,166,5531,24983,206
"전라북도","85세이상",29467,349,6259,22751,108,7554,50,4837,2636,31,21913,299,1422,20115,77
"전라남도","합계",1525410,388857,874768,196612,65173,756912,240006,457833,23563,35510,768498,148851,416935,173049,29663
"전라남도","15~19세",110965,110647,214,97,7,59017,58848,105,60,4,51948,51799,109,37,3
"전라남도","20~24세",93753,90704,2780,183,86,53683,52845,726,87,25,40070,37859,2054,96,61
"전라남도","25~29세",75741,59657,15453,97,534,40187,34965,5017,22,183,35554,24692,10436,75,351
"전라남도","30~34세",97930,43973,51867,241,1849,51512,29425,21315,52,720,46418,14548,30552,189,1129
"전라남도","35~39세",110077,28269,77077,509,4222,57665,21037,34728,109,1791,52412,7232,42349,400,2431
"전라남도","40~44세",129998,21486,98621,1289,8602,69123,17049,47781,272,4021,60875,4437,50840,1017,4581
"전라남도","45~49세",141083,14314,111137,3015,12617,75649,11595,56947,570,6537,65434,2719,54190,2445,6080
"전라남도","50~54세",143953,9183,115175,6447,13148,75213,7183,59575,1125,7330,68740,2000,55600,5322,5818
"전라남도","55~59세",143322,5289,114617,11877,11539,73222,3992,60389,1958,6883,70100,1297,54228,9919,4656
"전라남도","60~64세",109769,2318,85835,15480,6136,54878,1592,47112,2304,3870,54891,726,38723,13176,2266
"전라남도","65~69세",100084,1353,72638,22588,3505,48063,833,41884,2947,2399,52021,520,30754,19641,1106
"전라남도","70~74세",96998,670,60540,34013,1775,41637,355,36365,3768,1149,55361,315,24175,30245,626
"전라남도","75~79세",84372,425,42714,40529,704,32158,157,27272,4324,405,52214,268,15442,36205,299
"전라남도","80~84세",52982,297,18922,33472,291,16597,88,13139,3236,134,36385,209,5783,30236,157
"전라남도","85세이상",34383,272,7178,26775,158,8308,42,5478,2729,59,26075,230,1700,24046,99
"경상북도","합계",2283224,633264,1302095,246847,101018,1137229,383354,671438,32102,50335,1145995,249910,630657,214745,50683
"경상북도","15~19세",162813,162476,216,116,5,87626,87464,91,68,3,75187,75012,125,48,2
"경상북도","20~24세",162750,157846,4140,535,229,91168,89892,1079,117,80,71582,67954,3061,418,149
"경상북도","25~29세",136250,110191,25097,313,649,75481,66993,8232,89,167,60769,43198,16865,224,482
"경상북도","30~34세",164331,73137,88529,260,2405,86675,48142,37591,64,878,77656,24995,50938,196,1527
"경상북도","35~39세",171831,44559,120762,664,5846,89536,31072,56050,146,2268,82295,13487,64712,518,3578
"경상북도","40~44세",197729,33953,148903,1931,12942,102861,24652,71933,405,5871,94868,9301,76970,1526,7071
"경상북도","45~49세",212595,21863,166786,4504,19442,109923,16477,83412,910,9124,102672,5386,83374,3594,10318
"경상북도","50~54세",221556,13131,178763,8664,20998,113375,9468,91752,1659,10496,108181,3663,87011,7005,10502
"경상북도","55~59세",218671,7955,175548,16925,18243,109941,5349,91909,2858,9825,108730,2606,83639,14067,8418
"경상북도","60~64세",169745,3539,133317,22822,10067,82689,1978,71568,3402,5741,87056,1561,61749,19420,4326
"경상북도","65~69세",130646,1733,95739,27771,5403,63430,937,55517,3690,3286,67216,796,40222,24081,2117
"경상북도","70~74세",121144,1184,76988,40197,2775,52347,538,45183,4973,1653,68797,646,31805,35224,1122
"경상북도","75~79세",105162,812,54419,48621,1310,40383,247,33986,5518,632,64779,565,20433,43103,678
"경상북도","80~84세",66135,457,24570,40599,509,21612,83,16748,4541,240,44523,374,7822,36058,269
"경상북도","85세이상",41866,428,8318,32925,195,10182,62,6387,3662,71,31684,366,1931,29263,124
"경상남도","합계",2762936,776290,1593737,254680,138229,1384241,469164,818248,31577,65252,1378695,307126,775489,223103,72977
"경상남도","15~19세",208888,208472,308,101,7,111796,111618,126,47,5,97092,96854,182,54,2
"경상남도","20~24세",194063,189231,4515,144,173,110791,109458,1187,73,73,83272,79773,3328,71,100
"경상남도","25~29세",168889,135963,32118,80,728,91264,80715,10328,24,197,77625,55248,21790,56,531
"경상남도","30~34세",221881,90871,127162,256,3592,116552,60220,54967,108,1257,105329,30651,72195,148,2335
"경상남도","35~39세",242226,54662,178661,840,8063,125029,38431,83271,240,3087,117197,16231,95390,600,4976
"경상남도","40~44세",274749,40385,213041,2532,18791,141479,29623,103575,514,7767,133270,10762,109466,2018,11024
"경상남도","45~49세",285595,24795,228051,5756,26993,145872,18320,113942,1129,12481,139723,6475,114109,4627,14512
"경상남도","50~54세",273881,14549,219301,10972,29059,140359,10631,114010,1797,13921,133522,3918,105291,9175,15138
"경상남도","55~59세",257315,8727,205450,19304,23834,130457,5832,109486,3085,12054,126858,2895,95964,16219,11780
"경상남도","60~64세",185318,3858,142461,25326,13673,91764,2348,78303,3858,7255,93554,1510,64158,21468,6418
"경상남도","65~69세",137674,1981,98336,30171,7186,66138,1005,57176,4019,3938,71536,976,41160,26152,3248
"경상남도","70~74세",116282,1159,70367,41098,3658,49636,556,42270,4766,2044,66646,603,28097,36332,1614
"경상남도","75~79세",97013,639,46651,48041,1682,36017,245,29882,5017,873,60996,394,16769,43024,809
"경상남도","80~84세",61378,464,20520,39846,548,18527,119,14424,3748,236,42851,345,6096,36098,312
"경상남도","85세이상",37784,534,6795,30213,242,8560,43,5301,3152,64,29224,491,1494,27061,178
"제주특별자치도","합계",493266,149615,271257,41598,30796,244858,85514,140053,5429,13862,248408,64101,131204,36169,16934
"제주특별자치도","15~19세",39718,39637,50,26,5,20856,20834,22,,,18862,18803,28,26,5
"제주특별자치도","20~24세",36056,34783,1177,37,59,19591,19218,356,2,15,16465,15565,821,35,44
"제주특별자치도","25~29세",29345,23330,5853,23,139,15138,13088,2008,2,40,14207,10242,3845,21,99
"제주특별자치도","30~34세",38475,16962,20721,60,732,19481,10264,8912,15,290,18994,6698,11809,45,442
"제주특별자치도","35~39세",43060,11858,29274,140,1788,21963,7336,13940,23,664,21097,4522,15334,117,1124
"제주특별자치도","40~44세",51728,9315,37416,476,4521,26400,6280,18243,70,1807,25328,3035,19173,406,2714
"제주특별자치도","45~49세",51413,6133,38353,1005,5922,26543,3932,19609,233,2769,24870,2201,18744,772,3153
"제주특별자치도","50~54세",47803,3439,35932,1895,6537,24790,2306,19075,356,3053,23013,1133,16857,1539,3484
"제주특별자치도","55~59세",42994,2051,32899,3016,5028,22006,1286,17882,494,2344,20988,765,15017,2522,2684
"제주특별자치도","60~64세",30073,884,22888,3614,2687,14836,443,12456,554,1383,15237,441,10432,3060,1304
"제주특별자치도","65~69세",24827,556,17934,4731,1606,11990,282,10307,632,769,12837,274,7627,4099,837
"제주특별자치도","70~74세",21142,252,13804,6106,980,9526,125,8070,859,472,11616,127,5734,5247,508
"제주특별자치도","75~79세",17027,164,9266,7139,458,6713,68,5623,872,150,10314,96,3643,6267,308
"제주특별자치도","80~84세",11757,129,4450,6909,269,3691,33,2744,827,87,8066,96,1706,6082,182
"제주특별자치도","85세이상",7848,122,1240,6421,65,1334,19,806,490,19,6514,103,434,5931,46
